""	"Df"	"Sum Sq"	"Mean Sq"	"F value"	"Pr(>F)"
"Host"	1	1.0720950851677	1.0720950851677	44.0144445750912	6.07768728957258e-08
"Density"	1	0.245273241570067	0.245273241570067	10.0695970405928	0.00289590010598484
"Nitrogen"	1	0.036545397711998	0.036545397711998	1.50035701527145	0.227780932988064
"Host:Density"	1	0.317984374636749	0.317984374636749	13.054724181489	0.000835452835525
"Host:Nitrogen"	1	0.0567639156773513	0.0567639156773513	2.33042036570396	0.134736890073668
"Density:Nitrogen"	1	0.0517726970160954	0.0517726970160954	2.12550783493376	0.152672065339754
"Host:Density:Nitrogen"	1	4.32368155117414e-05	4.32368155117414e-05	0.00177507055696213	0.966603409188357
"Residuals"	40	0.974312042800987	0.0243578010700247	NA	NA
