""	"Df"	"Sum Sq"	"Mean Sq"	"F value"	"Pr(>F)"
"Density"	1	0.00235643507702701	0.00235643507702701	0.0790538567418909	0.781471989401197
"Nitrogen"	1	0.00110841783657431	0.00110841783657431	0.0371852828524577	0.849033025231171
"Density:Nitrogen"	1	0.027404124176732	0.027404124176732	0.919355567197545	0.349092922191917
"Residuals"	20	0.596159421980061	0.0298079710990031	NA	NA
