""	"Df"	"Sum Sq"	"Mean Sq"	"F value"	"Pr(>F)"
"Density"	1	0.560901181129789	0.560901181129789	29.6653335318493	2.48414492151677e-05
"Nitrogen"	1	0.0922008955527743	0.0922008955527743	4.87638537861334	0.039065510427754
"Density:Nitrogen"	1	0.0244118096548748	0.0244118096548748	1.29110884393076	0.269276212435836
"Residuals"	20	0.378152620820928	0.0189076310410464	NA	NA
